method,n_bins,shrinkage,fit_ct,fit_mean_pd,fit_ct_gap_abs,oot_default_rate,oot_mean_pd,oot_default_gap,oot_abs_default_gap,brier_score,log_loss,ece_quantile,cal_slope,cal_intercept,rwa_bln,rwa_delta_vs_logit_pct,candidate_switch_knots,n_binomial_bins,significant_bins_5pct,max_abs_z,min_binomial_p_value,mean_abs_dr_minus_pd
Монотонный сплайн,75.0,,0.04807199590058929,0.04807199590058929,0.0,0.047288058340929806,0.049382257408388155,-18.378691016014443,18.378691016014443,0.03421,0.13076,0.00348,1.0817,0.1094,9.170804996357008,0.005464117918924287,18.0,8.0,1.0,2.0744413024112456,0.040657144577473846,0.005344408618093529
Французский сплайн,75.0,0.6,0.04807199590058929,0.0480719959005893,6.938893903907228e-18,0.047288058340929806,0.04925971285040765,-17.303239975177576,17.303239975177576,0.03419,0.13053,0.00285,1.0814,0.1114,9.185539967370127,0.0038661712392388677,18.0,10.0,0.0,1.578541818557403,0.12367066081034328,0.0029505058318520555
Французский сплайн,75.0,0.75,0.04807199590058929,0.04807199590058928,6.938893903907228e-18,0.047288058340929806,0.04930090837697177,-17.66477191630429,17.66477191630429,0.03419,0.13058,0.00303,1.0801,0.1078,9.175937764062347,0.004907490484432462,18.0,10.0,0.0,1.5780095379945738,0.12367103779026388,0.0030886632405496502
Французский сплайн,75.0,0.9,0.04807199590058929,0.04807199590058929,0.0,0.047288058340929806,0.04934163698492462,-18.022206179698514,18.022206179698514,0.03419,0.13066,0.00321,1.0787,0.1038,9.166119860101185,0.005972201573598662,18.0,10.0,0.0,1.577607099352854,0.1236714528088666,0.0032294831306061535
Французский сплайн,75.0,1.0,0.04807199590058929,0.048071995900589276,1.3877787807814457e-17,0.047288058340929806,0.04936870584331317,-18.25976248091638,18.25976248091638,0.03419,0.13072,0.00344,1.0775,0.1015,9.159465966867323,0.0066937887820542885,19.0,8.0,1.0,2.069023569753254,0.04050388809839887,0.005215032679463025
Французский сплайн,75.0,0.3,0.04807199590058929,0.04807199590058929,0.0,0.047288058340929806,0.049175217472919655,-16.5617085423429,16.5617085423429,0.0342,0.13046,0.00279,1.0834,0.1176,9.203987353135693,0.0018656285298763967,18.0,10.0,0.0,1.5799760275890038,0.12367062015613581,0.0028861529226400853
Французский сплайн,75.0,0.45,0.04807199590058929,0.04807199590058929,0.0,0.047288058340929806,0.049217857447452766,-16.935916958845496,16.935916958845496,0.0342,0.13048,0.00275,1.0825,0.1147,9.194900265338136,0.002851085627904375,18.0,10.0,0.0,1.579198437903163,0.12367046563161366,0.0028456507119482962
Французский сплайн,75.0,0.25,0.04807199590058929,0.04807199590058929,0.0,0.047288058340929806,0.049160809409526406,-16.435263378003754,16.435263378003754,0.03421,0.13045,0.0028,1.0836,0.1184,9.20694930954986,0.0015444166039636931,18.0,10.0,0.0,1.5802618840598595,0.12367078212124599,0.0029013295930971975
Французский сплайн,75.0,0.15,0.04807199590058929,0.04807199590058928,6.938893903907228e-18,0.047288058340929806,0.04913166818034919,-16.17951995074452,16.17951995074452,0.03422,0.13045,0.00283,1.084,0.1201,9.21276286032388,0.0009139610605998236,18.0,10.0,0.0,1.5808740251601028,0.12367131917327062,0.0029341127799208024
